Temperature(℃),Time(h),GMP Concentration(mM),H2O,DES,EtOH,CD Wavelength(nm) ,CD,CD=0,*-10,*+10,cotton effect,CPL Wavelength(nm) ,CPL max,g(lum)-CPL max, Dcmax Wavelength(nm),DC max(V),g(lum)-DC max
160,4,50,1,1,1,0,0,0,,0,0,0,0,0,0,0,0
,,,,,,,,,,,,,,,,,
160,4,100,1,1,1,300,166.986,0,0,0,1,429,472.297,0.0678982,438.4,0.506575,0.0616576
160,4,100,1,1,1,300,166.986,0,0,0,1,427.4,454.102,0.0657211,437.6,0.508687,0.0579127
160,4,100,1,1,1,300,166.986,0,0,0,1,428.2,527.186,0.078752,440,0.499732,0.0713097
160,4,100,1,1,1,300,166.986,0,0,0,1,427.6,457.4,0.0679717,438,0.495044,0.0602437
,,,,,,,,,,,,,,,,,
160,4,200,1,1,1,310.2,96.5642,0,0,0,1,456.2,714.895,0.113697,453.2,0.440566,0.110954
160,4,200,1,1,1,310.2,96.5642,0,0,0,1,453.8,679.106,0.0966106,447.8,0.497841,0.0932889
160,4,200,1,1,1,310.2,96.5642,0,0,0,1,451.8,743.069,0.0998738,448.8,0.521106,0.0982116
160,4,200,1,1,1,310.2,96.5642,0,0,0,1,451.6,564.441,0.0831472,447,0.477232,0.0815225
,,,,,,,,,,,,,,,,,
160,4,300,1,1,1,319.2,1194.9,260,-46.7051,125.415,1,425,-91.7741,-0.0169901,446.8,0.493219,-0.00641548
160,4,300,1,1,1,319.2,1194.9,260,-46.7051,125.415,1,433.6,-70.5291,-0.0115391,448.6,0.475157,-0.0060037
160,4,300,1,1,1,319.2,1194.9,260,-46.7051,125.415,1,441.2,-100.002,-0.0141622,456.4,0.540229,-0.00561043
160,4,300,1,1,1,319.2,1194.9,260,-46.7051,125.415,1,442.4,-45.8978,-0.0107298,456.2,0.324492,-0.00752639
,,,,,,,,,,,,,,,,,
160,4,400,1,1,1,317,593.369,266.2,-27.4145,66.4628,1,437.6,-67.7633,-0.0112631,453.8,0.475674,-0.00627609
160,4,400,1,1,1,317,593.369,266.2,-27.4145,66.4628,1,443.8,-82.1564,-0.0119548,453.4,0.502685,-0.00864249
160,4,400,1,1,1,317,593.369,266.2,-27.4145,66.4628,1,444,-70.9361,-0.00971741,450.8,0.521236,-0.00580116
,,,,,,,,,,,,,,,,,
160,4,500,1,1,1,317.6,581.694,272.2,-34.935,40.6531,1,449.8,-47.9651,-0.0114784,460.4,0.309634,-0.0075146
160,4,500,1,1,1,317.6,581.694,272.2,-34.935,40.6531,1,452.6,-90.1345,-0.0248386,452.6,0.506678,-0.0124193
160,4,500,1,1,1,317.6,581.694,272.2,-34.935,40.6531,1,447.8,-58.4202,-0.010545,458.4,0.406776,-0.00420133
160,4,500,1,1,1,317.6,581.694,272.2,-34.935,40.6531,1,436.8,-82.0554,-0.137115,454.8,0.503607,-0.00804184
,,,,,,,,,,,,,,,,,
160,4,50,2,1,1,0,0,0,0,0,0,0,0,0,0,0,0
,,,,,,,,,,,,,,,,,
160,4,100,2,1,1,303.4,86.0834,333,14.0416,-11.1691,1,439.6,684.691,0.0956402,442.6,0.501922,0.0908422
160,4,100,2,1,1,303.4,86.0834,333,14.0416,-11.1691,1,439.2,879.605,0.127907,444.2,0.484083,0.122331
160,4,100,2,1,1,303.4,86.0834,333,14.0416,-11.1691,1,442,909.12,0.13029,444.8,0.488173,0.126039
160,4,100,2,1,1,303.4,86.0834,333,14.0416,-11.1691,1,444,920.272,0.131652,444.6,0.488087,0.13059
,,,,,,,,,,,,,,,,,
160,4,200,2,1,1,306.8,68.3548,364.6,11.6578,-15.0011,1,454.4,355.675,0.0500525,448,0.505867,0.0445336
160,4,200,2,1,1,306.8,68.3548,364.6,11.6578,-15.0011,1,436.6,321.843,0.0380358,445.6,0.511464,0.0405678
160,4,200,2,1,1,306.8,68.3548,364.6,11.6578,-15.0011,1,454.6,434.543,0.051046,444.6,0.616886,0.0475681
160,4,200,2,1,1,306.8,68.3548,364.6,11.6578,-15.0011,1,453.2,0.491298,0.0337976,443,0.509115,0.0300309
,,,,,,,,,,,,,,,,,
160,4,300,2,1,1,314.6,1128.47,262.8,-114.009,226.245,1,449.6,-114.569,-0.0167936,453.8,0.480438,-0.0141524
160,4,300,2,1,1,314.6,1128.47,262.8,-114.009,226.245,1,435,-124.439,-0.0179425,446.4,0.525179,-0.0104536
160,4,300,2,1,1,314.6,1128.47,262.8,-114.009,226.245,1,437.8,-98.17,-0.0196277,449.6,0.375979,-0.0125925
,,,,,,,,,,,,,,,,,
160,4,400,2,1,1,310.8,1363.76,251.2,-42.7779,321.989,1,448.8,-62.0299,-0.0212295,449,0.204036,-0.0194349
160,4,400,2,1,1,310.8,1363.76,251.2,-42.7779,321.989,1,448.4,-182.403,-0.0254555,445.4,0.5028,-0.0194982
160,4,400,2,1,1,310.8,1363.76,251.2,-42.7779,321.989,1,448.4,-122.131,-0.0178862,446.8,0.477499,-0.0155176
,,,,,,,,,,,,,,,,,
160,4,500,2,1,1,326.2,996.388,252.6,-9.00525,191.628,1,458.8,-72.3048,-0.0246377,457,0.205166,-0.0187658
,,,,,,,,,,,,,,,,,
160,4,50,1,2,1,0,0,0,0,0,0,0,0,0,0,0,0
,,,,,,,,,,,,,,,,,
160,4,100,1,2,1,0,0,0,0,0,0,0,0,0,0,0,0
,,,,,,,,,,,,,,,,,
160,4,200,1,2,1,318,-119.705,303,54.8294,-110.677,2,413.4,75.7858,0.0142105,437.2,0.512384,0.00570657
160,4,200,1,2,1,318,-119.705,303,54.8294,-110.677,2,416,65.731,0.0115666,434.8,0.486128,0.00672022
160,4,200,1,2,1,318,-119.705,303,54.8294,-110.677,2,422.8,98.0317,0.0160737,438,0.478359,0.0117365
160,4,200,1,2,1,318,-119.705,303,54.8294,-110.677,2,415.8,44.9592,0.00841721,436.4,0.474865,0.00448482
,,,,,,,,,,,,,,,,,
160,4,300,1,2,1,303.4,256.199,342.6,46.282,-33.4334,1,439.4,423.103,0.0631946,446.6,0.479386,0.0585753
160,4,300,1,2,1,303.4,256.199,342.6,46.282,-33.4334,1,437.8,390.934,0.0576299,444.2,0.484251,0.0548493
160,4,300,1,2,1,303.4,256.199,342.6,46.282,-33.4334,1,430.6,169.894,0.0257605,440.6,0.492429,0.0207158
160,4,300,1,2,1,303.4,256.199,342.6,46.282,-33.4334,1,433,235.701,0.0357137,442.2,0.483329,0.0319246
,,,,,,,,,,,,,,,,,
160,4,400,1,2,1,314,361.928,270.4,-64.7735,48.8762,1,453.8,-19.3096,-0.00288806,441.8,0.500934,-0.00209249
160,4,400,1,2,1,314,361.928,270.4,-64.7735,48.8762,1,454.2,-18.5922,-0.00282214,442.6,0.491693,-0.00125446
160,4,400,1,2,1,314,361.928,270.4,-64.7735,48.8762,1,456.4,19.2642,0.00292055,444.8,0.488088,0.00212038
160,4,400,1,2,1,314,361.928,270.4,-64.7735,48.8762,1,447,15.1839,0.00217999,445.2,0.487033,0.00192987
,,,,,,,,,,,,,,,,,
160,4,500,1,2,1,313.6,237.999,287.6,-24.5418,64.1473,1,437,-62.1424,-0.0103299,449.2,0.465346,-0.00759449
160,4,500,1,2,1,313.6,237.999,287.6,-24.5418,64.1473,1,443.2,-78.6206,-0.0116541,449.4,0.479614,-0.00970922
160,4,500,1,2,1,313.6,237.999,287.6,-24.5418,64.1473,1,435.4,-42.274,-0.00676162,449.4,0.495431,-0.00456827
160,4,500,1,2,1,313.6,237.999,287.6,-24.5418,64.1473,1,436.4,-62.0009,-0.00962092,449.6,0.498551,-0.0075603
,,,,,,,,,,,,,,,,,
160,4,50,1,1,2,0,0,0,0,0,0,0,0,0,0,0,0
,,,,,,,,,,,,,,,,,
160,4,100,1,1,2,301.6,16.8808,374.4,1.80002,-1.77475,1,432.6,606.927,0.0787116,436.8,0.541402,0.0772793
160,4,100,1,1,2,301.6,16.8808,374.4,1.80002,-1.77475,1,433.8,551.619,0.0779428,434.8,0.49433,0.0775392
160,4,100,1,1,2,301.6,16.8808,374.4,1.80002,-1.77475,1,432.2,673.973,0.0907384,437,0.522722,0.0889762
160,4,100,1,1,2,301.6,16.8808,374.4,1.80002,-1.77475,1,439.4,732.603,0.106947,439.4,0.478229,0.106947
160,4,100,1,1,2,301.6,16.8808,374.4,1.80002,-1.77475,1,437.2,702.2921,0.0997316,438,0.491854,0.0994723
,,,,,,,,,,,,,,,,,
160,4,200,1,1,2,319.4,886.049,272.2,-128.186,119.493,1,454.4,115.085,0.0166165,440.6,0.525242,0.012876
160,4,200,1,1,2,319.4,886.049,272.2,-128.186,119.493,1,455.4,98.9969,0.0153237,440.8,0.495066,0.0124953
160,4,200,1,1,2,319.4,886.049,272.2,-128.186,119.493,1,459,109.38,0.0166112,445.4,0.496161,0.0130675
160,4,200,1,1,2,319.4,886.049,272.2,-128.186,119.493,1,448.8,84.6031,0.0122565,440.6,0.499631,0.010302
,,,,,,,,,,,,,,,,,
160,4,300,1,1,2,333.6,49.761,287.6,-3.14473,6.27923,1,443.8,-78.727,-0.0110208,443.6,0.498835,-0.0110133
160,4,300,1,1,2,333.6,49.761,287.6,-3.14473,6.27923,1,441.4,-52.8867,-0.00747792,441.6,0.493769,-0.00734473
160,4,300,1,1,2,333.6,49.761,287.6,-3.14473,6.27923,1,438.2,-96.1613,-0.0147115,447.6,0.47706,-0.0127458
160,4,300,1,1,2,333.6,49.761,287.6,-3.14473,6.27923,1,442.4,-90.8213,-0.0131597,448.6,0.488372,-0.0114499
,,,,,,,,,,,,,,,,,
160,4,400,1,1,2,322.4,417.283,289.6,-12.7991,38.5757,1,442.4,-71.8977,-0.00968921,443.8,0.51887,-0.00915502
160,4,400,1,1,2,322.4,417.283,289.6,-12.7991,38.5757,1,449.6,-82.6329,-0.0258104,449.6,0.447017,-0.0129052
160,4,400,1,1,2,322.4,417.283,289.6,-12.7991,38.5757,1,442.8,-70.4457,-0.00974368,445.2,0.5068,-0.00878888
160,4,400,1,1,2,322.4,417.283,289.6,-12.7991,38.5757,1,442.2,-65.3494,-0.0090746,444.4,0.504792,-0.00818356
,,,,,,,,,,,,,,,,,
160,4,500,1,1,2,315.4,267.06,284.8,-16.674,39.4127,1,459.2,-69.9637,-0.0110294,457.4,0.443451,-0.00875239
160,4,500,1,1,2,315.4,267.06,284.8,-16.674,39.4127,1,449.2,-78.4829,-0.0121069,457,0.467654,-0.00654323
160,4,500,1,1,2,315.4,267.06,284.8,-16.674,39.4127,1,441.8,-68.2704,-0.0104694,454.4,0.4929,-0.00879455
160,4,500,1,1,2,315.4,267.06,284.8,-16.674,39.4127,1,443.8,-74.7178,-0.0102463,447.8,0.511457,-0.00822104
,,,,,,,,,,,,,,,,,
140,4,50,1,1,1,0,0,0,0,0,0,0,0,0,0,0,0
,,,,,,,,,,,,,,,,,
140,4,100,1,1,1,300.8,482.242,0,0,0,1,446.4,-30.0626,-0.00459059,434.2,0.501273,-0.00347361
140,4,100,1,1,1,300.8,482.242,0,0,0,1,457.4,-16.4733,-0.00289719,434.6,0.504334,-0.00179954
140,4,100,1,1,1,300.8,482.242,0,0,0,1,444,-48.1895,-0.00729079,433.2,0.497804,-0.00343503
140,4,100,1,1,1,300.8,482.242,0,0,0,1,436.2,-29.9358,-0.00450641,434.6,0.464918,-0.00300537
,,,,,,,,,,,,,,,,,
140,4,200,1,1,1,288,501.645,314.4,300.649,-85.048,1,432.4,397.419,0.0537071,436,0.519604,0.0532064
140,4,200,1,1,1,288,501.645,314.4,300.649,-85.048,1,435.8,377.2,0.05656,435.2,0.462775,0.0567204
140,4,200,1,1,1,288,501.645,314.4,300.649,-85.048,1,437,553.133,0.0789165,439.4,0.489902,0.0786264
140,4,200,1,1,1,288,501.645,314.4,300.649,-85.048,1,443,550.657,0.0786915,439,0.492241,0.077811
140,4,200,1,1,1,288,501.645,314.4,300.649,-85.048,1,436.8,524.019,0.0751628,437,0.48673,0.075028
,,,,,,,,,,,,,,,,,
140,4,300,1,1,1,309,447.294,268.6,-86.6235,108.171,1,449.4,100.424,0.0142714,439.6,0.509283,0.0118549
140,4,300,1,1,1,309,447.294,268.6,-86.6235,108.171,1,456.4,97.5877,0.015427,437,0.496386,0.011592
140,4,300,1,1,1,309,447.294,268.6,-86.6235,108.171,1,439.2,95.1742,0.0133116,435.2,0.503076,0.0120107
140,4,300,1,1,1,309,447.294,268.6,-86.6235,108.171,1,443.6,99.9322,0.0143638,435,0.500197,0.0126622
,,,,,,,,,,,,,,,,,
140,4,400,1,1,1,417.2,1327.87,272,-118.836,95.4592,1,442.4,-61.4416,-0.0085398,444.4,0.503401,-0.0074713
140,4,400,1,1,1,417.2,1327.87,272,-118.836,95.4592,1,436.4,-49.3236,-0.00725388,443.8,0.487704,-0.00579477
140,4,400,1,1,1,417.2,1327.87,272,-118.836,95.4592,1,425.8,-41.9888,-0.00685029,441.4,0.497165,-0.00497709
140,4,400,1,1,1,417.2,1327.87,272,-118.836,95.4592,1,437.4,-50.9351,-0.00731043,442.8,0.4917,-0.00652848
,,,,,,,,,,,,,,,,,
140,4,500,1,1,1,493.8,1291,300.2,-103.186,201.763,1,422.2,-36.7702,-0.00619305,443,0.512551,-0.00358783
140,4,500,1,1,1,493.8,1291,300.2,-103.186,201.763,1,443.4,-57.4503,-0.00815568,443.4,0.491777,-0.00815568
140,4,500,1,1,1,493.8,1291,300.2,-103.186,201.763,1,432.6,-27.8773,-0.00387478,437.6,0.509881,-0.00305532
140,4,500,1,1,1,493.8,1291,300.2,-103.186,201.763,1,425.2,-36.9289,-0.00562112,437,0.500113,-0.0037651
,,,,,,,,,,,,,,,,,
140,4,50,2,1,1,0,0,0,0,0,0,0,0,0,0,0,0
,,,,,,,,,,,,,,,,,
140,4,100,2,1,1,432.4,-440.465,303.4,145.883,-397.351,2,432.8,644.812,0.090973,432.4,0.495094,0.0908469
140,4,100,2,1,1,432.4,-440.465,303.4,145.883,-397.351,2,431.4,594.88,0.0833842,431.8,0.498298,0.0826306
140,4,100,2,1,1,432.4,-440.465,303.4,145.883,-397.351,2,436,624.826,0.0882111,432,0.499114,0.0861149
,,,,,,,,,,,,,,,,,
140,4,200,2,1,1,289,91.9749,0,0,0,1,450.2,272.245,0.03882,444.8,0.495281,0.0377339
140,4,200,2,1,1,289,91.9749,0,0,0,1,448.6,202.884,0.0298353,441.4,0.483951,0.0279153
140,4,200,2,1,1,289,91.9749,0,0,0,1,451.6,264.425,0.038998,441.2,0.493254,0.0367959
,,,,,,,,,,,,,,,,,
140,4,300,2,1,1,295.8,36.8306,255.2,-6.90983,15.0524,1,435.2,209.96,0.0293322,431,0.505123,0.0280322
140,4,300,2,1,1,295.8,36.8306,255.2,-6.90983,15.0524,1,433.8,183.579,0.0265421,430.4,0.485805,0.0262805
140,4,300,2,1,1,295.8,36.8306,255.2,-6.90983,15.0524,1,437.2,180.2,0.0273737,431.6,0.469663,0.0254348
140,4,300,2,1,1,295.8,36.8306,255.2,-6.90983,15.0524,1,432.4,197.052,0.0288803,430.2,0.47727,0.027885
,,,,,,,,,,,,,,,,,
140,4,400,2,1,1,303.8,52.9809,267.6,-12.315,15.1485,1,451.6,133.807,0.0198251,438.4,0.494255,0.0157483
140,4,400,2,1,1,303.8,52.9809,267.6,-12.315,15.1485,1,448.4,124.966,0.0185132,438.4,0.490035,0.0171455
140,4,400,2,1,1,303.8,52.9809,267.6,-12.315,15.1485,1,451.8,99.6684,0.0147912,440.6,0.492596,0.0128631
140,4,400,2,1,1,303.8,52.9809,267.6,-12.315,15.1485,1,437.6,116.024,0.0166217,440,0.488796,0.0161403
,,,,,,,,,,,,,,,,,
140,4,500,2,1,1,448.6,165.405,288.2,-10.7843,17.2076,1,450.6,82.4824,0.011991,441,0.500013,0.0115195
140,4,500,2,1,1,448.6,165.405,288.2,-10.7843,17.2076,1,454.2,96.7221,0.0136258,445.4,0.508877,0.00982843
140,4,500,2,1,1,448.6,165.405,288.2,-10.7843,17.2076,1,472.8,108.982,0.0180987,449.4,0.501903,0.012554
,,,,,,,,,,,,,,,,,
140,4,50,1,2,1,0,0,0,0,0,0,0,0,0,0,0,0
,,,,,,,,,,,,,,,,,
140,4,100,1,2,1,316.2,-47.7375,305.4,72.3237,-47.5736,2,430,-69.3193,-0.00956392,434.8,0.512106,-0.00881074
140,4,100,1,2,1,316.2,-47.7375,305.4,72.3237,-47.5736,2,432.6,-71.915,-0.00976294,434.8,0.514416,-0.00849144
140,4,100,1,2,1,316.2,-47.7375,305.4,72.3237,-47.5736,2,444,-60.7446,-0.00906051,436,0.480801,-0.00813148
140,4,100,1,2,1,316.2,-47.7375,305.4,72.3237,-47.5736,2,436,-64.8039,-0.00907914,435.4,0.498881,-0.00891438
,,,,,,,,,,,,,,,,,
140,4,200,1,2,1,288.6,324.307,306.6,281.644,-150.695,2,419.4,44.0956,0.00780974,437,0.478566,0.00321146
140,4,200,1,2,1,288.6,324.307,306.6,281.644,-150.695,2,416.6,51.113,0.00942394,435.8,0.471065,0.00451546
140,4,200,1,2,1,288.6,324.307,306.6,281.644,-150.695,2,438.6,-45.738,-0.00686768,436.4,0.4666072,-0.0058236
140,4,200,1,2,1,288.6,324.307,306.6,281.644,-150.695,2,454.8,-44.0445,-0.00776701,436.2,0.469207,-0.00524891
140,4,200,1,2,1,288.6,324.307,306.6,281.644,-150.695,2,451.6,-27.7565,-0.0047718,435.2,0.465205,-0.00231438
,,,,,,,,,,,,,,,,,
140,4,300,1,2,1,279.8,365.863,306,289.669,-239.989,2,439.2,728.354,0.103658,443,0.49475,0.101546
140,4,300,1,2,1,279.8,365.863,306,289.669,-239.989,2,439,735.6,0.105607,443.4,0.490962,0.103601
140,4,300,1,2,1,279.8,365.863,306,289.669,-239.989,2,445,935.695,0.131309,446.4,0.497666,0.130386
140,4,300,1,2,1,279.8,365.863,306,289.669,-239.989,2,440.6,869.599,0.124538,444.4,0.490755,0.122872
140,4,300,1,2,1,279.8,365.863,306,289.669,-239.989,2,440,866.117,0.125401,442.8,0.484004,0.124348
,,,,,,,,,,,,,,,,,
140,4,400,1,2,1,298,298.355,332,81.3285,-76.8633,2,448.4,1001.54,0.141555,449,0.494304,0.141395
140,4,400,1,2,1,298,298.355,332,81.3285,-76.8633,2,446.2,941.95,0.132415,446.4,0.49665,0.13237
140,4,400,1,2,1,298,298.355,332,81.3285,-76.8633,2,454,945.805,0.135302,454,0.488014,0.135302
140,4,400,1,2,1,298,298.355,332,81.3285,-76.8633,2,448.2,983.016,0.139334,453.2,0.495785,0.137531
,,,,,,,,,,,,,,,,,
140,4,500,1,2,1,326.4,1357.14,0,0,0,1,465,510.227,0.0669412,461.8,0.534259,0.0651558
140,4,500,1,2,1,326.4,1357.14,0,0,0,1,464.6,489.704,0.0692037,461.8,0.495645,0.0658367
140,4,500,1,2,1,326.4,1357.14,0,0,0,1,452.4,340.433,0.0479144,457.2,0.501935,0.0468209
140,4,500,1,2,1,326.4,1357.14,0,0,0,1,451.8,446.269,0.0588611,447.6,0.534626,0.0573882
140,4,500,1,2,1,326.4,1357.14,0,0,0,1,451.2,370.088,0.052119,448.2,0.498075,0.0514453
,,,,,,,,,,,,,,,,,
140,4,50,1,1,2,298.4,63.6919,0,0,0,1,437.2,-98.0769,-0.0123571,432.6,0.565035,-0.0107037
140,4,50,1,1,2,298.4,63.6919,0,0,0,1,439.8,-81.0844,-0.0120564,435,0.4795,-0.00776721
140,4,50,1,1,2,298.4,63.6919,0,0,0,1,434.4,-67.2302,-0.0106457,434.6,0.440941,-0.0102902
140,4,50,1,1,2,298.4,63.6919,0,0,0,1,434.2,-97.9708,-0.0160791,434,0.4225409,-0.0152437
,,,,,,,,,,,,,,,,,
140,4,100,1,1,2,292.6,162.052,336.6,28.5062,-23.8837,2,435.6,704.43,0.10316,439,0.478489,0.101953
140,4,100,1,1,2,292.6,162.052,336.6,28.5062,-23.8837,2,435,659.405,0.0911737,438.2,0.508448,0.0901846
140,4,100,1,1,2,292.6,162.052,336.6,28.5062,-23.8837,2,434.6,547.37,0.0869471,438.4,0.442514,0.085539
140,4,100,1,1,2,292.6,162.052,336.6,28.5062,-23.8837,2,439,792.739,0.11437,439,0.483899,0.11437
,,,,,,,,,,,,,,,,,
140,4,200,1,1,2,306.8,535.92,262.6,-101.285,156.135,1,447,74.4745,0.0107869,438.4,0.501482,0.00986999
140,4,200,1,1,2,306.8,535.92,262.6,-101.285,156.135,1,442.2,111.405,0.0165434,435.4,0.481182,0.0142721
140,4,200,1,1,2,306.8,535.92,262.6,-101.285,156.135,1,449,127.03,0.0195698,448.4,0.453369,0.0188396
140,4,200,1,1,2,306.8,535.92,262.6,-101.285,156.135,1,462,104.827,0.0169699,445.8,0.458469,0.0143804
,,,,,,,,,,,,,,,,,
140,4,300,1,1,2,319.2,903.098,271.2,-227.845,182.208,1,454.4,57.4319,0.0085342,439.4,0.51168,0.00547999
140,4,300,1,1,2,319.2,903.098,271.2,-227.845,182.208,1,440.8,62.9585,0.00886632,437.2,0.499387,0.00730191
140,4,300,1,1,2,319.2,903.098,271.2,-227.845,182.208,1,461.4,47.8987,0.00791873,439.6,0.497308,0.00613033
140,4,300,1,1,2,319.2,903.098,271.2,-227.845,182.208,1,435.4,46.1856,0.00593364,438.8,0.490378,0.00566026
,,,,,,,,,,,,,,,,,
140,4,400,1,1,2,329.4,677.698,270.4,-117.146,113.884,1,461.4,57.5974,0.00976909,438.8,0.493009,0.00641146
140,4,400,1,1,2,329.4,677.698,270.4,-117.146,113.884,1,439.8,66.5462,0.00937227,437.6,0.496572,0.00882393
140,4,400,1,1,2,329.4,677.698,270.4,-117.146,113.884,1,437,73.7075,0.0103113,439,0.499451,0.0100661
140,4,400,1,1,2,329.4,677.698,270.4,-117.146,113.884,1,453.4,76.4939,0.0115561,440.2,0.490219,0.00983547
,,,,,,,,,,,,,,,,,
140,4,500,1,1,2,301,264.999,252.6,-11.4104,56.4339,1,440,100.059,0.0136655,437.6,0.512904,0.0135125
140,4,500,1,1,2,301,264.999,252.6,-11.4104,56.4339,1,446.6,144.13,0.0210246,437.8,0.496195,0.019045
140,4,500,1,1,2,301,264.999,252.6,-11.4104,56.4339,1,441,105.55,0.0150919,435.6,0.494301,0.014044
140,4,500,1,1,2,301,264.999,252.6,-11.4104,56.4339,1,440.6,167.207,0.0236118,435.2,0.498981,0.0216225
,,,,,,,,,,,,,,,,,
120,4,50,1,1,1,,,,,,,0,0,0,0,0,0
,,,,,,,,,,,,,,,,,
120,4,100,1,1,1,,,,,,,429.2,33.7712,0.0067037,433,0.355112,0.00311026
120,4,100,1,1,1,,,,,,,434,34.7033,0.00594347,433.4,0.408304,0.00543357
120,4,100,1,1,1,,,,,,,437.8,16.2472,0.00190902,433.4,0.297853,0.00111283
,,,,,,,,,,,,,,,,,
120,4,200,1,1,1,,,,,,,433,3.23525,0.000472858,433,0.477655,0.000472858
120,4,200,1,1,1,,,,,,,434.6,-8.99625,-0.00129167,434.6,0.486234,-0.00129167
120,4,200,1,1,1,,,,,,,434.4,-6.88496,-0.000977742,434.4,0.491763,-0.000977742
120,4,200,1,1,1,,,,,,,434.8,-19.4788,-0.00286391,434.8,0.474833,-0.00286391
,,,,,,,,,,,,,,,,,
120,4,300,1,1,1,,,,,,,433.6,-6.98395,-0.000994683,431.4,0.490968,0.000117548
120,4,300,1,1,1,,,,,,,429,-13.4601,-0.00191258,432.4,0.493841,-0.00145761
120,4,300,1,1,1,,,,,,,430.8,-18.2558,-0.00266613,432.4,0.478568,-0.00203125
120,4,300,1,1,1,,,,,,,444.8,-21.5439,-0.00329367,431.8,0.490809,-0.002093077
,,,,,,,,,,,,,,,,,
120,4,400,1,1,1,,,,,,,426.8,12.2091,0.00169258,432.8,0.510498,0.00134393
120,4,400,1,1,1,,,,,,,424.2,21.425,0.00349344,437,0.460308,0.00206858
120,4,400,1,1,1,,,,,,,427.2,38.0868,0.00545008,433,0.497135,0.00416689
120,4,400,1,1,1,,,,,,,430.6,40.2823,0.00572733,434.2,0.493457,0.00505232
,,,,,,,,,,,,,,,,,
120,4,500,1,1,1,,,,,,,427.6,15.266,0.00239071,435.6,0.459219,0.000621428
120,4,500,1,1,1,,,,,,,459.6,17.8158,0.00136094,436.2,0.47437,0.00102194
120,4,500,1,1,1,,,,,,,444.4,16.4795,0.00241748,432.2,0.504275,0.00126231
120,4,500,1,1,1,,,,,,,448.4,24.3273,0.0039669,435.2,0.46065,0.00238391
,,,,,,,,,,,,,,,,,
120,4,50,2,1,1,,,,,,,0,0,0,0,0,0
,,,,,,,,,,,,,,,,,
120,4,100,2,1,1,,,,,,,432.8,2.4119,0.000363636,432.8,0.463051,0.000363636
120,4,100,2,1,1,,,,,,,433,22.8845,0.00369271,433,0.432645,0.00369271
120,4,100,2,1,1,,,,,,,433.2,4.12808,0.000652083,433.2,0.441958,0.000652083
120,4,100,2,1,1,,,,,,,432.6,11.1848,0.0018048,432.6,0.432649,0.0018048
,,,,,,,,,,,,,,,,,
120,4,200,2,1,1,,,,,,,443,26.3243,0.004446314,435.2,0.423894,0.00444988
120,4,200,2,1,1,,,,,,,447,26.734,0.00461056,436.2,0.435565,0.00308052
120,4,200,2,1,1,,,,,,,438,39.3541,0.00695947,436,0.396379,0.00642475
120,4,200,2,1,1,,,,,,,440.6,36.2719,0.00568349,435.8,0.453283,0.0023396
,,,,,,,,,,,,,,,,,
120,4,300,2,1,1,,,,,,,437.2,11.3698,0.00164688,437.2,0.481977,0.00164688
120,4,300,2,1,1,,,,,,,437.2,1.88684,0.000276212,437.2,0.476902,0.000276212
120,4,300,2,1,1,,,,,,,436.8,4.62861,0.000684976,436.8,0.47175,0.000684976
,,,,,,,,,,,,,,,,,
120,4,400,2,1,1,,,,,,,438,-7.40611,-0.00106764,438,0.484285,-0.00106764
120,4,400,2,1,1,,,,,,,437.2,-5.60293,-0.000830488,437.2,0.470997,-0.000830488
120,4,400,2,1,1,,,,,,,437.2,-6.2051,-0.000828186,437.2,0.523067,-0.000828186
,,,,,,,,,,,,,,,,,
120,4,500,2,1,1,,,,,,,436.8,3.92157,0.000573466,436.8,0.477407,0.000573466
120,4,500,2,1,1,,,,,,,436.6,4.48481,0.000641506,436.6,0.488068,0.000641506
120,4,500,2,1,1,,,,,,,436.4,-0.773345,-0.000110249,436.4,0.489707,-0.000110249
,,,,,,,,,,,,,,,,,
120,4,50,1,2,1,,,,,,,0,0,0,0,0,0
,,,,,,,,,,,,,,,,,
120,4,100,1,2,1,,,,,,,0,0,0,0,0,0
,,,,,,,,,,,,,,,,,
120,4,200,1,2,1,,,,,,,434.8,-55.1604,-0.00795284,434.6,0.484391,-0.007634
120,4,200,1,2,1,,,,,,,447.8,-28.4169,-0.00450523,435,0.480385,-0.00229996
120,4,200,1,2,1,,,,,,,444.6,-22.9948,-0.00342935,434.8,0.498739,-0.00199952
120,4,200,1,2,1,,,,,,,437,-72.7062,-0.0101912,432,0.505527,-0.00883714
,,,,,,,,,,,,,,,,,
120,4,300,1,2,1,,,,,,,430.4,-81.9225,-0.0114155,433.8,0.504338,-0.0104882
120,4,300,1,2,1,,,,,,,433,-86.0137,-0.0119908,435.4,0.502383,-0.0109064
120,4,300,1,2,1,,,,,,,434.8,-75.5162,-0.010553,434.8,0.499577,-0.010553
120,4,300,1,2,1,,,,,,,432,-81.4719,-0.0113375,433.6,0.502726,-0.0105313
,,,,,,,,,,,,,,,,,
120,4,400,1,2,1,,,,,,,434.6,-210.909,-0.0295145,436.6,0.500216,-0.028529
120,4,400,1,2,1,,,,,,,440.4,-163.765,-0.0229051,437.6,0.501627,-0.022097
120,4,400,1,2,1,,,,,,,437.8,-182.914,-0.0264034,437.8,0.483642,-0.0264034
120,4,400,1,2,1,,,,,,,442.6,-144.377,-0.0206297,436.8,0.497587,-0.0186832
,,,,,,,,,,,,,,,,,
120,4,500,1,2,1,,,,,,,448.8,-27.3006,-0.0040778,437.8,0.491096,-0.00263821
120,4,500,1,2,1,,,,,,,454,-97.8587,-0.0156389,436.8,0.493564,-0.0117916
120,4,500,1,2,1,,,,,,,426.8,-23.7705,-0.00350511,435.8,0.493983,-0.00228815
120,4,500,1,2,1,,,,,,,466.6,-20.4894,-0.00402309,434.8,0.496734,-0.000223166
,,,,,,,,,,,,,,,,,
120,4,50,1,1,2,,,,,,,433.8,67.2446,0.0128284,432,0.36753,0.00908392
120,4,50,1,1,2,,,,,,,425,45.5225,0.00763029,434.8,0.444528,0.001355
,,,,,,,,,,,,,,,,,
120,4,100,1,1,2,,,,,,,425.8,17.1405,0.002453,431.6,0.502263,0.000220165
120,4,100,1,1,2,,,,,,,422.6,22.5708,0.00362775,433.2,0.470398,-0.001323
120,4,100,1,1,2,,,,,,,442.2,34.7818,0.00534939,434.2,0.482374,0.00275002
,,,,,,,,,,,,,,,,,
120,4,200,1,1,2,,,,,,,431.4,6.96992,0.000996165,429.6,0.48902,0.00068411
120,4,200,1,1,2,,,,,,,422,7.93086,0.00113034,430.2,0.502493,-0.000132876
120,4,200,1,1,2,,,,,,,433.4,5.62977,0.000776336,431,0.508221,-0.000103634
,,,,,,,,,,,,,,,,,
120,4,300,1,1,2,,,,,,,444,9.31536,0.0014097,431.4,0.492232,0.000153405
120,4,300,1,1,2,,,,,,,428.4,9.26259,0.00132815,431.6,0.488119,0.00108685
120,4,300,1,1,2,,,,,,,446,6.7486,0.00102838,432,0.497692,0.000323977
,,,,,,,,,,,,,,,,,
120,4,400,1,1,2,,,,,,,429.2,20.8253,0.00291325,429.6,0.499297,0.00274692
120,4,400,1,1,2,,,,,,,439.8,22.139,0.00313007,430.2,0.511972,0.00247236
120,4,400,1,1,2,,,,,,,433.2,24.8624,0.0034866,430.6,0.498657,0.00262971
120,4,400,1,1,2,,,,,,,438.4,19.8516,0.00282307,430.4,0.503321,0.00205835
,,,,,,,,,,,,,,,,,
120,4,500,1,1,2,,,,,,,431.2,22.2389,0.00309844,431.2,0.501079,0.00309844
120,4,500,1,1,2,,,,,,,433.6,26.8016,0.00377727,431.4,0.496393,0.00317102
120,4,500,1,1,2,,,,,,,442,26.5586,0.00376663,430.8,0.516,0.00298219
120,4,500,1,1,2,,,,,,,427.6,27.9954,0.00392667,432.2,0.499837,0.00265639
,,,,,,,,,,,,,,,,,
180,4,50,1,1,1,,,,,,,0,0,0,0,0,0
,,,,,,,,,,,,,,,,,
180,4,100,1,1,1,,,,,,,0,0,0,0,0,0
,,,,,,,,,,,,,,,,,
180,4,200,1,1,1,,,,,,,466,372.938,0.12943,470,0.20238,0.127019
180,4,200,1,1,1,,,,,,,474,273.892,0.12112,474,0.15787,0.12112
180,4,200,1,1,1,,,,,,,469.2,339.443,0.116427,471.2,0.203913,0.111483
180,4,200,1,1,1,,,,,,,461.6,409.827,0.117033,469.4,0.249847,0.102722
,,,,,,,,,,,,,,,,,
180,4,300,1,1,1,,,,,,,471.6,101.786,0.0533363,481.2,0.136682,0.0433363
180,4,300,1,1,1,,,,,,,476.2,180.261,0.0413431,467.6,0.309477,0.0316228
180,4,300,1,1,1,,,,,,,479.8,128.007,0.0458083,477.4,0.195478,0.0411637
180,4,300,1,1,1,,,,,,,491.8,81.1261,0.0503935,489.2,0.11264,0.0409316
,,,,,,,,,,,,,,,,,
180,4,400,1,1,1,,,,,,,491.2,53.7889,0.011555,466,0.38641,0.00527776
180,4,400,1,1,1,,,,,,,483.4,51.3935,0.0110919,466.6,0.352716,0.0049129
180,4,400,1,1,1,,,,,,,478.2,38.1117,0.017172,471,0.156913,0.00535405
180,4,400,1,1,1,,,,,,,476.6,26.1986,0.0116817,470.6,0.158707,0.00827041
,,,,,,,,,,,,,,,,,
180,4,500,1,1,1,,,,,,,0,0,0,0,0,0
,,,,,,,,,,,,,,,,,
180,4,50,2,1,1,,,,,,,0,0,0,0,0,0
,,,,,,,,,,,,,,,,,
180,4,100,2,1,1,,,,,,,0,0,0,0,0,0
,,,,,,,,,,,,,,,,,
180,4,200,2,1,1,,,,,,,481.6,15.3478,0.0602252,500.6,0.0192345,0.0198937
180,4,200,2,1,1,,,,,,,505,12.8705,0.0468454,504.2,0.0192569,0.0457142
180,4,200,2,1,1,,,,,,,476.4,18.5731,0.0624563,505.4,0.0234737,0.0327367
180,4,200,2,1,1,,,,,,,506.2,15.7088,0.0467271,504.8,0.0235246,0.0370711
,,,,,,,,,,,,,,,,,
180,4,300,2,1,1,,,,,,,0,0,0,0,0,0
,,,,,,,,,,,,,,,,,
180,4,400,2,1,1,,,,,,,0,0,0,0,0,0
,,,,,,,,,,,,,,,,,
180,4,500,2,1,1,,,,,,,0,0,0,0,0,0
,,,,,,,,,,,,,,,,,
180,4,50,1,2,1,,,,,,,0,0,0,0,0,0
,,,,,,,,,,,,,,,,,
180,4,100,1,2,1,,,,,,,0,0,0,0,0,0
,,,,,,,,,,,,,,,,,
180,4,200,1,2,1,,,,,,,,,,,,
